Company Name,Region,event_date,Lead Score,Priority,Suggested Outreach
FRANK AI LIMITED,London,2026-03-03,85,high,"Frank Ai Limited incorporated recently in London — R&D tax relief, EMI share schemes, and early structure decisions are worth getting right from month one. Worth a conversation?"
JIMJAM AI LTD,London,2026-03-03,80,high,"Jimjam Ai Ltd incorporated recently in London — R&D tax relief, EMI share schemes, and early structure decisions are worth getting right from month one. Worth a conversation?"
COPAT LTD,London,2026-03-03,80,high,"Copat Ltd incorporated recently in London — R&D tax relief, EMI share schemes, and early structure decisions are worth getting right from month one. Worth a conversation?"
LUMIÈRE BODY STUDIO LTD,London,2026-03-03,70,medium,"Lumière Body Studio Ltd is a newly incorporated London business with activity across multiple sectors — early advice on structure, VAT, and reporting obligations tends to save significant cost later. Open to a conversation?"
CGD 1 (UK) LIMITED,London,2026-03-03,65,medium,"Cgd 1 (Uk) Limited incorporated recently in London — getting accounts, tax registration, and payroll set up correctly from the start avoids costly corrections later. Would it be worth a brief call?"
TERORI LTD,London,2026-03-03,65,medium,"Terori Ltd incorporated recently in London — getting accounts, tax registration, and payroll set up correctly from the start avoids costly corrections later. Would it be worth a brief call?"
BLACKWATER FILMS LTD,London,2026-03-03,65,medium,"Blackwater Films Ltd incorporated recently in London — getting accounts, tax registration, and payroll set up correctly from the start avoids costly corrections later. Would it be worth a brief call?"
GEPIGO LTD,London,2026-03-03,65,medium,"Gepigo Ltd incorporated recently in London — getting accounts, tax registration, and payroll set up correctly from the start avoids costly corrections later. Would it be worth a brief call?"
ABURWES LTD,London,2026-03-03,65,medium,"Aburwes Ltd incorporated recently in London — getting accounts, tax registration, and payroll set up correctly from the start avoids costly corrections later. Would it be worth a brief call?"
ONEE CAPITAL LTD,London,2026-03-03,65,medium,"Onee Capital Ltd incorporated recently in London — getting accounts, tax registration, and payroll set up correctly from the start avoids costly corrections later. Would it be worth a brief call?"
EVERTRUST HOLDINGS LTD,London,2026-03-03,65,medium,"Evertrust Holdings Ltd incorporated recently in London — getting accounts, tax registration, and payroll set up correctly from the start avoids costly corrections later. Would it be worth a brief call?"
AZADI FOOD HOUSE LIMITED,London,2026-03-03,65,medium,"Azadi Food House Limited incorporated recently in London — getting accounts, tax registration, and payroll set up correctly from the start avoids costly corrections later. Would it be worth a brief call?"
RECYPTLY LTD,Reading,2026-03-03,60,medium,Recyptly Ltd is a newly incorporated tech business — R&D tax credits and share scheme setup are time-sensitive from incorporation. Happy to run through what applies to them?
K&T SULLIVAN PROPERTY LTD,Hassocks,2026-03-03,60,medium,"K&T Sullivan Property Ltd incorporated recently with property interests — SDLT structure, VAT position, and ownership setup are worth reviewing before their first transaction. Worth a brief call?"
D2C SOFTWARE LTD,Warwick,2026-03-03,60,medium,D2C Software Ltd is a newly incorporated tech business — R&D tax credits and share scheme setup are time-sensitive from incorporation. Happy to run through what applies to them?
CLYVINCO ESTATES LTD,Brentford,2026-03-03,55,medium,"Clyvinco Estates Ltd incorporated recently with property interests — SDLT structure, VAT position, and ownership setup are worth reviewing before their first transaction. Worth a brief call?"
TIM HUGHES PROPERTY LTD,King's Lynn,2026-03-03,55,medium,"Tim Hughes Property Ltd incorporated recently with property interests — SDLT structure, VAT position, and ownership setup are worth reviewing before their first transaction. Worth a brief call?"
ESHER PROPERTY INVESTMENTS LIMITED,Harrow,2026-03-03,55,medium,"Esher Property Investments Limited incorporated recently with property interests — SDLT structure, VAT position, and ownership setup are worth reviewing before their first transaction. Worth a brief call?"
CBW PROPERTY LIMITED,Newry,2026-03-03,55,medium,"Cbw Property Limited incorporated recently with property interests — SDLT structure, VAT position, and ownership setup are worth reviewing before their first transaction. Worth a brief call?"
NORMANDY HOLDERS LTD,High Wycombe,2026-03-03,55,medium,"Normandy Holders Ltd incorporated recently with property interests — SDLT structure, VAT position, and ownership setup are worth reviewing before their first transaction. Worth a brief call?"
INETA CRYSTAL CLEAN CO LIMITED,Purfleet-On-Thames,2026-03-03,50,medium,"Ineta Crystal Clean Co Limited incorporated recently — early advice on accounts, corporation tax, and payroll setup prevents the common mistakes that cost new businesses later. Happy to have a quick conversation if useful?"
CASA NONNO LTD,Derby,2026-03-03,45,medium,"Casa Nonno Ltd incorporated recently — early advice on accounts, corporation tax, and payroll setup prevents the common mistakes that cost new businesses later. Happy to have a quick conversation if useful?"
FAWLEY COTTAGE LTD,Axbridge,2026-03-03,45,medium,"Fawley Cottage Ltd incorporated recently — early advice on accounts, corporation tax, and payroll setup prevents the common mistakes that cost new businesses later. Happy to have a quick conversation if useful?"
DENT BROTHERS SERVICES LTD,Leyburn,2026-03-03,45,medium,"Dent Brothers Services Ltd incorporated recently — early advice on accounts, corporation tax, and payroll setup prevents the common mistakes that cost new businesses later. Happy to have a quick conversation if useful?"
WARREN ANTHONY HAIR SALON LTD,Fareham,2026-03-03,45,medium,"Warren Anthony Hair Salon Ltd incorporated recently — early advice on accounts, corporation tax, and payroll setup prevents the common mistakes that cost new businesses later. Happy to have a quick conversation if useful?"
COR INVESTMENT MANAGEMENT LIMITED,Chandlers Ford,2026-03-03,45,medium,"Cor Investment Management Limited incorporated recently — early advice on accounts, corporation tax, and payroll setup prevents the common mistakes that cost new businesses later. Happy to have a quick conversation if useful?"
CLARUSKIN LTD,Kington,2026-03-03,45,medium,"Claruskin Ltd incorporated recently — early advice on accounts, corporation tax, and payroll setup prevents the common mistakes that cost new businesses later. Happy to have a quick conversation if useful?"
JAMS RETAIL GROUP LTD,Rugby,2026-03-03,45,medium,"Jams Retail Group Ltd incorporated recently — early advice on accounts, corporation tax, and payroll setup prevents the common mistakes that cost new businesses later. Happy to have a quick conversation if useful?"
PUFFS & CO MK LTD,Milton Keynes,2026-03-03,45,medium,"Puffs & Co Mk Ltd incorporated recently — early advice on accounts, corporation tax, and payroll setup prevents the common mistakes that cost new businesses later. Happy to have a quick conversation if useful?"
BLACKERPADEL HOLDINGS LTD,York,2026-03-03,45,medium,"Blackerpadel Holdings Ltd incorporated recently — early advice on accounts, corporation tax, and payroll setup prevents the common mistakes that cost new businesses later. Happy to have a quick conversation if useful?"
S A SANDESA LTD,Chester,2026-03-03,45,medium,"S A Sandesa Ltd incorporated recently — early advice on accounts, corporation tax, and payroll setup prevents the common mistakes that cost new businesses later. Happy to have a quick conversation if useful?"
FULL EFFECT BEAUTY LTD,Fleet,2026-03-03,45,medium,"Full Effect Beauty Ltd incorporated recently — early advice on accounts, corporation tax, and payroll setup prevents the common mistakes that cost new businesses later. Happy to have a quick conversation if useful?"
LANSDOWNE WALK NOMINEES LIMITED,Cheltenham,2026-03-03,45,medium,"Lansdowne Walk Nominees Limited incorporated recently — early advice on accounts, corporation tax, and payroll setup prevents the common mistakes that cost new businesses later. Happy to have a quick conversation if useful?"
AKI HOSPITALITY LTD,Walsall,2026-03-03,45,medium,"Aki Hospitality Ltd incorporated recently — early advice on accounts, corporation tax, and payroll setup prevents the common mistakes that cost new businesses later. Happy to have a quick conversation if useful?"
CHILLI SPICE PENSNETT LTD,Brierley Hill,2026-03-03,45,medium,"Chilli Spice Pensnett Ltd incorporated recently — early advice on accounts, corporation tax, and payroll setup prevents the common mistakes that cost new businesses later. Happy to have a quick conversation if useful?"
GS SANDHU JOINERY LTD,Gateshead,2026-03-03,45,medium,"Gs Sandhu Joinery Ltd incorporated recently — early advice on accounts, corporation tax, and payroll setup prevents the common mistakes that cost new businesses later. Happy to have a quick conversation if useful?"
CBT OF TAMWORTH LTD,Tamworth,2026-03-03,45,medium,"Cbt Of Tamworth Ltd incorporated recently — early advice on accounts, corporation tax, and payroll setup prevents the common mistakes that cost new businesses later. Happy to have a quick conversation if useful?"
NICHE DELIVERY & EVENTS LTD,Milton Keynes,2026-03-03,45,medium,"Niche Delivery & Events Ltd incorporated recently — early advice on accounts, corporation tax, and payroll setup prevents the common mistakes that cost new businesses later. Happy to have a quick conversation if useful?"
EVERFRESH DECOR LTD,Manchester,2026-03-03,45,medium,"Everfresh Decor Ltd incorporated recently — early advice on accounts, corporation tax, and payroll setup prevents the common mistakes that cost new businesses later. Happy to have a quick conversation if useful?"
AIMS FOOD LIMITED,Swindon,2026-03-03,45,medium,"Aims Food Limited incorporated recently — early advice on accounts, corporation tax, and payroll setup prevents the common mistakes that cost new businesses later. Happy to have a quick conversation if useful?"
VNI PROPERTY LTD,Leicester,2026-03-03,45,medium,"Vni Property Ltd incorporated recently — early advice on accounts, corporation tax, and payroll setup prevents the common mistakes that cost new businesses later. Happy to have a quick conversation if useful?"
SERENIQUE CARE LTD,Enfield,2026-03-03,45,medium,"Serenique Care Ltd incorporated recently — early advice on accounts, corporation tax, and payroll setup prevents the common mistakes that cost new businesses later. Happy to have a quick conversation if useful?"
BALLAGHNEED FARMS LIMITED,Clogher,2026-03-03,45,medium,"Ballaghneed Farms Limited incorporated recently — early advice on accounts, corporation tax, and payroll setup prevents the common mistakes that cost new businesses later. Happy to have a quick conversation if useful?"
SAKUNTHALA LTD,Norwich,2026-03-03,45,medium,"Sakunthala Ltd incorporated recently — early advice on accounts, corporation tax, and payroll setup prevents the common mistakes that cost new businesses later. Happy to have a quick conversation if useful?"
DEV CONSTRUCTION CONSULTANCY SERVICES LTD,Edgware,2026-03-03,45,medium,"Dev Construction Consultancy Services Ltd incorporated recently — early advice on accounts, corporation tax, and payroll setup prevents the common mistakes that cost new businesses later. Happy to have a quick conversation if useful?"
WARWICK TRAINS LIMITED,Warwick,2026-03-03,45,medium,"Warwick Trains Limited incorporated recently — early advice on accounts, corporation tax, and payroll setup prevents the common mistakes that cost new businesses later. Happy to have a quick conversation if useful?"
TC91 NAILS LTD,Longridge,2026-03-03,45,medium,"Tc91 Nails Ltd incorporated recently — early advice on accounts, corporation tax, and payroll setup prevents the common mistakes that cost new businesses later. Happy to have a quick conversation if useful?"
JAMESON CONSULTANT PRIVATE LIMITED,"Oldham, United Kingdom",2026-03-03,45,medium,"Jameson Consultant Private Limited incorporated recently — early advice on accounts, corporation tax, and payroll setup prevents the common mistakes that cost new businesses later. Happy to have a quick conversation if useful?"
HARPER STONE SOLICITORS LIMITED,Nelson,2026-03-03,45,medium,"Harper Stone Solicitors Limited incorporated recently — early advice on accounts, corporation tax, and payroll setup prevents the common mistakes that cost new businesses later. Happy to have a quick conversation if useful?"
UNDER THE CANOPY CIC,Warrington,2026-03-03,25,low,"Under The Canopy Cic incorporated recently — early advice on accounts, corporation tax, and payroll setup prevents the common mistakes that cost new businesses later. Happy to have a quick conversation if useful?"
